﻿place_label_id,place_id,english_label,hebrew_label,hebrew_label_transliterated,hebrew_label_meaning,hebrew_strongs_number,greek_label,greek_label_transliterated,greek_label_meaning,greek_strongs_number,label_reference_id,label_type,open_bible_id,label-given_by_god,label_notes,place_label_count,label_sequence
heaven_1_1,heaven_1,heaven, שָׁמַיִם,shamayim,"place of the stars, sky; heaven",H8064,οὐρανός,ou̓ranós,the visible heavens and all their phenomena,G3772,GEN 1:1,name,none,,,1,1
Earth_1_1,Earth_1,Earth,אֶרֶץ,erets,"world, earth, all inhabited lands; parts of the earth, land (in contrast to water),",H776,γῆ,gē͂,"earth, soil; the ground, surface of the earth; the land, as opposed to the sea or a lake; the earth, world",G1093,GEN 1:1,proper name,none,,"the contrast between heaven and earth suggests this is the planet and not ""the land""",1,2
waters_1_1,waters_1,waters,מַיִם,mayim,"water; in nature: ocean, lake, flood, river;",H4325,ὕδωρ,u̔́dōr,water,G5204,GEN 1:2,name,none,,,1,3
heaven_2_1,heaven_2,heaven, שָׁמַיִם,shamayim,region above the earth: the heavens,H8064,οὐρανός,ou̓ranós,"the air, atmosphere, in which the clouds and tempests gather, the birds fly, etc.",G3772,GEN 1:8,name,none,Y,"G-d called the expanse heaven (GEN 1:8)  This is the second heaven, the abode of clouds and birds.",1,4
heaven_2_2,heaven_2,expanse,רָקִיעַ,raqiya,expanse of the sky; the space above the earth that holds visible objects like clouds,H7549,στερέωμα,steréōma,firmament,G4733,GEN 1:7,name,none,,,2,5
earth_2_2,earth_2,dry land,יַבָּשָׁה,yabbashah,"dry ground, dry land (in contrast to bodies of water)",H3004,ξηρός,xērós,dry,G3584,GEN 1:9,name,none,,,2,6
earth_2_2,earth_2,earth,אֶרֶץ,erets,"world, earth, all inhabited lands; parts of the earth, land (in contrast to water),",H776,γῆ,gē͂,"earth, soil; the ground, surface of the earth; the land, as opposed to the sea or a lake; the earth, world",G1093,GEN 1:10,name,none,Y,G-d called the dry land earth (GEN 1:10),2,7
waters_1_2,waters_1,sea,יָם,yam,sea,H3220,θάλασσα,thalassa,"sea, inland sea, lake",G2281,GEN 1:10,name,none,Y,G-d called the gathering of the waters seas (GEN 1:10),2,8
heaven_1_2,heaven_1,expanse of the heavens,רְקִ֣יעַ הַשָּׁמַ֔יִם,raqiya hashamayim,"expanse of the sky; the space above the earth that holds the sun, moon, and stars","H7549, H8064",στερεώματι τοῦ οὐρανοῦ,stereṓmati tou͂ ou̓ranou͂,firmament [of] the heaven,"G5106, G3836, G3772",GEN 1:14,name,none,,,2,9
heaven_2_3,heaven_2,expanse of the heavens,רְקִ֣יעַ הַשָּׁמַ֔יִם,raqiya hashamayim,"expanse of the sky; the space above the earth that holds the sun, moon, and stars","H7549, H8064",στερεώματι τοῦ οὐρανοῦ,stereṓmati tou͂ ou̓ranou͂,firmament [of] the heaven,"G5106, G3836, G3772",GEN 1:20,name,none,,,3,10
heaven_2_4,heaven_2,sky, שָׁמַיִם,shamayim,region above the earth: the heavens,H8064,οὐρανός,ou̓ranós,"the air, atmosphere, in which the clouds and tempests gather, the birds fly, etc.",G3772,GEN 1:26,name,none,,,4,11
The Garden_1_1,The Garden_1,garden,גַּן,gan,garden,H1588,παράδεισος,parádeisos,"a park, a forest where wild beasts were kept for hunting; a pleasure-park, a garden of trees of various kinds; used in the LXX for the Garden of Eden",G3857,GEN 2:8,proper name,none,,,1,12
Eden_1_1,Eden_1,Eden,עֵדֶן,eden,"Eden, ""paradise, delight, [poss.] flat land""",H5731,Εδεμ,Edem,,none,GEN 2:8,proper name,af3daeb,,Rahlfs Septuaginta has Edem (m rather than n): scribal error?,1,13
Pishon_1_1,Pishon_1,Pishon,פִּישׁ֑וֹן,piyshon,Pishon,H7093,Φισων,Phisōn,,none,GEN 2:11,proper name,a19b076,,,1,14
Havilah_1_1,Havilah_1,Havilah,חֲוִילָה,chaviylah,"Havilah, ""stretch of sand""",H2341,Ευιλατ,Euilat,,none,GEN 2:11,proper name,ad7e819,,"The BHS has הַֽחֲוִילָ֔ה (hachavilah) ""the stretch of sand?""",1,15
earth_2_3,earth_2,land,אֶרֶץ,erets,land,H776,γῆ,gē͂,"earth, soil, land",G1093,GEN 2:12,name,none,,,3,16
Gihon_1_1,Gihon_1,Gihon,גִּיחוֹן,giychon,"Gihon, ""to gush forth""",H1521,Γηων,Gēōn,,none,GEN 2:13,proper name,a71d79b,,,1,17
Cush_1_1,Cush_1,Cush,כּוּשׁ,kush,Cush,H3568,Αἰθιοπίας,Ai̓thiopías,,none,GEN 2:13,proper name,a74ee0d,,,1,18
Tigris_1_1,Tigris_1,Tigris,חִדֶּקֶל,chideqel,"Hiddekel = Tigris, ""arrow""",H2313,Τίγρις,Tígris,,none,GEN 2:14,proper name,a38ebfd,,,1,19
Assyria_1_1,Assyria_1,Assyria,אַשּׁוּר,ashur,Asshur = Assyria,H804,Ἀσσυρίων,A̓ssuríōn,,none,GEN 2:14,proper name,a3d1321,,,1,20
Euphrates_1_1,Euphrates_1,Euphrates,פְּרָת,pərat,Euphrates (mighty river of Mesopotamia);,H6578,Εὐφράτης,Eu̓phrátēs,,none,GEN 2:14,proper name,a62dec4,,,1,21
The Garden_1_2,The Garden_1,the garden of Eden,גַן־עֵ֔דֶן,gan-eden,garden [of] Eden,"H1588, H5731",παράδεισος,parádeisos,"a park, a forest where wild beasts were kept for hunting; a pleasure-park, a garden of trees of various kinds; used in the LXX for the Garden of Eden",G3857,GEN 2:15,proper name,none,,,2,22
Nod_1_1,Nod_1,Nod,נוֹד,nod,"Nod, ""wandering""",H5113,Ναιδ,Naid,,none,GEN 4:16,proper name,a1ad8e1,,,1,23
Enoch_1_1,Enoch_1,Enoch,חֲנוֹךְ,chanokh,"Enoch, ""initiated follower""",H2585,Ἑνώχ,E̔nṓx,,G1802,GEN 4:17,proper name,none,,,1,24
Ararat_1_1,Ararat_1,Ararat,אֲרָרַט,ararat,,H780,Αραρατ,Ararat,,none,GEN 8:4,proper name,ab89be9,,,1,25
Babel_1_1,Babel_1,Babel,בָּבֶל,bavel,gate of gods; confused,H894,Βαβυλών,Babulṓn,,G897,GEN 10:10,proper name,ab8fdbc,,,1,26
Erech_1_1,Erech_1,Erech,אֶרֶךְ,erekh,,H751,Ορεχ,Orex,,none,GEN 10:10,proper name,a5db1a6,,,1,27
Accad_1_1,Accad_1,Accad,אַכַּד,akad,,H390,Αρχαδ,Arxad,,none,GEN 10:10,proper name,a8b7a6b,,,1,28
Calneh_1_1,Calneh_1,Calneh,כַּלְנֵה,kaləneh,all of them,H3641,Χαλαννη,Xalannē,,none,GEN 10:10,proper name,aee80af,,,1,29
Shinar_1_1,Shinar_1,Shinar,שִׁנְעָר,shinəar,Shinar = Babylonia,H8152,Σεννααρ,Sennaar,,none,GEN 10:10,proper name,af725b1,,,1,30
Nineveh_1_1,Nineveh_1,Nineveh,נִינְוֵה,niynəva,,H5210,Νινευη,Nineuē,,none,GEN 10:11,proper name,a70fd5d,,,1,31
Rehoboth-Ir_1_1,Rehoboth-Ir_1,Rehoboth-Ir,רְחֹבֹת עִיר,rəchovot iyr,streets of [the] city or spacious city,"H7344, H5892",Ροωβωθ πόλιν,Roōbōth pólin,[transliteration] city,"none, G4172",GEN 10:11,proper name,a260ff1,,,1,32
Calah_1_1,Calah_1,Calah,כֶּלַח,kelach,"strength, vigor",H3625,Χαλαχ,Xalax,,none,GEN 10:11,proper name,ae1f807,,,1,33
Resen_1_1,Resen_1,Resen,רֶסֶן,resen,bridle,H7449,Δασεμ,Dasem,,none,GEN 10:12,proper name,abd8ada,,Greek contains scribal errors (?) mistaking ד (d) for ר (r) and ם(m) for ן(n) in the Hebrew.,1,34
Sidon_1_1,Sidon_1,Sidon,צִידוֹן,tsiydon,fishery,H6721,Σιδών,Sidṓn,,G4605,GEN 10:19,proper name,a98e4d7,,,1,35
Gerar_1_1,Gerar_1,Gerar,גְּרָר,gərar,"circle, region",H1642,Γεραρα,Gerara,,none,GEN 10:19,proper name,a3f5814,,,1,36
Gaza_1_1,Gaza_1,Gaza,עַזָּה,azah,strong,H5804,Γάζα,Gáza,,G1048,GEN 10:19,proper name,aa8edd2,,,1,37
Sodom_1_1,Sodom_1,Sodom,סְדֹם,sədom,,H5467,Σόδομα,Sódoma,,G4670,GEN 10:19,proper name,a0aa664,,,1,38
Gomorrah_1_1,Gomorrah_1,Gomorrah,עֲמֹרָה,amorah,to overwhelm with water,H6017,Γόμορρα,Gómorrha,,G1116,GEN 10:19,proper name,aa572e2,,,1,39
Admah_1_1,Admah_1,Admah,אֲדָמָה,adamah,red earth,H128,Αδαμα,Adama,,none,GEN 10:19,proper name,a41a054,,,1,40
Zeboiim_1_1,Zeboiim_1,Zeboiim,צְבֹאִים,tsəvoiym,gazelles,H6636,Σεβωιμ,Sebōim,,none,GEN 10:19,proper name,abfbfb9,,,1,41
Lasha_1_1,Lasha_1,Lasha,לֶשַׁע,lesha,,H3962,Λασα,Lasa,,none,GEN 10:19,proper name,adaef13,,,1,42
Mesha_1_1,Mesha_1,Mesha,מֵשָׁא,mesha,,H4852,Μασση,Massē,,none,GEN 10:30,proper name,a6b4fb2,,,1,43
Sephar_1_1,Sephar_1,Sephar,סְפָר,səfar,,H5611,Σωφηρα,Sōphēra,,none,GEN 10:30,proper name,a3cae2c,,,1,44
Ur_1_1,Ur_1,Ur,אוּר,ur,,H218,[none],,,,GEN 11:28,proper name,a6cf75c,,"Rahlfs Septuaginta has ""ἐν τῇ χώρᾳ τῶν Χαλδαίων"" (in the land of the Chaldeans).",1,45
Chaldea_1_1,Chaldea_1,Chaldea,כַּשְׂדִּים,kasədiym,Kasdiym = Chaldean,H3778,Χαλδαῖος,Xaldai͂os,Chaldean,G5466,GEN 11:28,proper name,a32a4f8,,,1,46
Canaan_1_1,Canaan_1,Canaan,כְּנַעַן,kənaan,"land of purple, hence merchant, trader",H3667,Χανάαν,Xanáan,,G5477,GEN 11:31,proper name,a581f0c,,,1,47
Haran_1_1,Haran_1,Haran,חָרָן,charan,mountaineer perhaps sanctuary,H2771,Χαρράν,Xarrhán,,G5488,GEN 11:31,proper name,a6d9af3,,,1,48
Shechem_1_1,Shechem_1,Shechem,שְׁכֶם,shəkhem,shoulders [and upper part of the back]; [poss.] shoulder [saddle of a hill],H7927,Συχέμ,Sukhém,,G4966,GEN 12:6,proper name,adf74d4,,,1,49
Moreh_1_1,Moreh_1,Moreh,מוֹרֶה,moreh,archer? teacher?,H4176,[none],,,,GEN 12:6,proper name,a38ad9f,,"Rahlfs Septuaginta has ""δρῦν τὴν ὑψηλήν·"" (high oak or proud oak) instead of a Moreh equivalent",1,50
Bethel_1_1,Bethel_1,Bethel,בֵּית-אֵל,beyt el,house of G-d [El],H1008,Βαιθηλ,Baithēl,,none,GEN 12:8,proper name,a64f355,,,1,51
Ai_1_1,Ai_1,Ai,עַי,ay,"ruin, the heap",H5857,Αγγαι,Angai,,none,GEN 12:8,proper name,a7e13e1,,,1,52
Negev_1_1,Negev_1,Negev,נֶגֶב,negev,"south (directionally), the Negev (specifically)",H5045,[none],,,,GEN 12:9,proper name,a1cb244,,"Rahlfs Septuaginta has ""ἐρήμῳ"" (wilderness, desert) in lieu of a proper noun",1,53
Egypt_1_1,Egypt_1,Egypt,מִצְרַיִם,mitsəraiyim,Mitsrayim = Egypt,H4714,Αἴγυπτος,Ai̓́guptos,,G125,GEN 12:10,proper name,af301ca,,,1,54
Valley of the Jordan_1_1,Valley of the Jordan_1,Valley of the Jordan,כִּכַּ֣ר הַיַּרְדֵּ֔ן,kikar hayarəden,plain(?) [of] the Jordan,"H3603, H3383",περίχωρον τοῦ Ιορδάνου,períkhōron tou͂ Iordánou,surrounding region [of] the Jordan,"G4066, G3588, G2446",GEN 13:10,proper name,aa54aa4,,,1,55
Jordan_1_1,Jordan_1,Jordan,יַרְדֵּן,yarəden,descending,H3383,Ἰορδάνης,I̓ordánēs,,G2446,GEN 13:10,proper name,ae686c9,,,1,56
The Garden_1_3,The Garden_1,Garden of the LORD,גַן־יְהוָה,gan Y-H-V-H,garden [of] YHVH [tetragrammaton],"H1588, H3068",παράδεισος τοῦ θεοῦ,parádeisos tou͂ theou͂,paradise [of] the G-d,"G3857, G3588, G2316",GEN 13:10,proper name,none,,,3,57
Zoar_1_1,Zoar_1,Zoar,צֹעַר,tsoar,"small, insignificant",H6820,Ζογορα,Zogora,,none,GEN 13:10,proper name,aacfcda,,,1,58
Mamre_1_1,Mamre_1,Mamre,מַמְרֵא,maməre,strength,H4471,Μαμβρη,Mambrē,,none,GEN 13:18,proper name,aeb9e97,,,1,59
Hebron_1_1,Hebron_1,Hebron,חֶבְרוֹן,chevəron,association,H5683,Χεβρων,Xebrōn,,none,GEN 13:18,proper name,a85151a,,,1,60
Assyria_1_2,Assyria_1,Ellasar,אֶלָּסָר,elasar,,H495,Ελλασαρ,Ellasar,,none,GEN 14:1,proper name,a6f4a6d,,,2,61
Elam_1_1,Elam_1,Elam,עֵילָם,eylam,highland,H5867,Αιλαμ,Ailam,,none,GEN 14:1,proper name,a7e3a59,,,1,62
Zoar_1_2,Zoar_1,Bela,בֶּלַע,bela,"swallower, devourer",H1106,[none],,,,GEN 14:2,proper name,aacfcda,,"Rahlfs Septuaginta has ""βασιλέως Βαλακ"" (King Balak) but not the name of his kingdom",2,63
Valley of Siddim_1_1,Valley of Siddim_1,Valley of Siddim,עֵמֶק הַשִּׂדִּים,emaq hasidiym,valley [of] the salt,"H6009, H7708",φάραγγα τὴν ἁλυκήν,pháranga tḕn a̔lukḗn,valley [of] the salt,"G5327, G3588, G252",GEN 14:3,proper name,a4a5cce,,,1,64
Salt Sea_1_1,Salt Sea_1,Siddim,שִׂדִּים,sidiym,,H7708,[none],,,,GEN 14:3,proper name,abed304,,Rahlfs Septuaginta has the word ἁλυκήν [a̔lukós- salt] instead of a transliteration of the Hebrew שִׂדִּים.,1,65
Salt Sea_1_2,Salt Sea_1,Salt Sea,יָם הַמֶּלַח,yam hamelah,sea [of] the salt,"H3220, H4417",ἡ θάλασσα τῶν ἁλῶν,ē̔ thálassa tō͂n a̔lō͂n,the sea [of] the salt,"G3588, G2281, G3588, G217",GEN 14:3,proper name,abed304,,,2,66
Ashteroth-karnaim_1_1,Ashteroth-karnaim_1,Ashteroth-karnaim,עַשְׁתְּרֹת קַרְנַיִם,ashətərot qarnayim,Ashteroth of the pair of horns [twin peaks?],H6255,Ασταρωθ Καρναιν,Astarōth Karnain,,none,GEN 14:5,proper name,afe4be0,,,1,67
Ham_1_1,Ham_1,Ham,הָם,ham,wealth,H1990,[none],,,,GEN 14:5,proper name,a7a5f29,,,1,68
Shaveh-kiriathaim_1_1,Shaveh-kiriathaim_1,Shaveh-kiriathaim,שָׁוֵה קִרְיָתָיִם,shaveh qirəyatayim,level [valley] of two cities,H7741,Σαυη τῇ πόλει,Sauē tē͂ͅ pólei,Shaveh the city,"none, G3588, G4172",GEN 14:5,proper name,a86d49f,,,1,69
Mount Seir_1_1,Mount Seir_1,Mount Seir,הַרְרָם שֵׂעִיר,harəram saiyr,goat mountain,"H2022, H8163",ὄρεσιν Σηιρ,o̓́resin Sēir,mount Seir,"G3735, none",GEN 14:6,proper name,ae981db,,,1,70
El-paran_1_1,El-paran_1,El-paran,אֵיל פָּארָן,ayl paran,terebinth of Paran,H364,τερεμίνθου τῆς Φαραν,teremínthou tē͂s Pharan,terebinth of Paran,"none, G3588, none",GEN 14:6,proper name,a738bf1,,,1,71
Kadesh_1_1,Kadesh_1,Kadesh,קָדֵשׁ,qadesh,sacred place,H6946,Καδης,Kadēs,,none,GEN 14:7,proper name,ac2cef0,,,1,72
Kadesh_1_2,Kadesh_1,En-mishpat,עֵין מִשְׁפָּט,ayn mishəpat,spring of judgement,H5880,πηγὴν τῆς κρίσεως,pēgḕn tē͂s kríseōs,spring [of] the judgment,"G4077, G3588, G2920",GEN 14:7,proper name,ac2cef0,,,2,73
Hazazon-tamar_1_1,Hazazon-tamar_1,Hazazon-tamar,חַצְצוֹן תָּמָר,chatsətson tamar,Hazazon of the palm trees,H2688,Ασασανθαμαρ,Asasanthamar,,none,GEN 14:7,proper name,a4d6a38,,,1,74
Dan_1_1,Dan_1,Dan,דָּן,dan,judge,H1835,Δαν,Dan,,none,GEN 14:14,proper name,a513646,,,1,75
Hobah_1_1,Hobah_1,Hobah,חוֹבָה,chobah,,H2327,Χωβα,Xōba,,none,GEN 14:15,proper name,a6779cd,,,1,76
Damascus_1_1,Damascus_1,Damascus,דַּמֶּשֶׂק,dameseq,,H1834,Δαμασκός,Damaskós,Damascus,G1154,GEN 14:15,proper name,a69c1d4,,,1,77
King's Valley_1_1,King's Valley_1,King's Valley,עֵמֶק הַמֶּלֶךְ,emeq hamelekh,valley [of] the king,"H6010, H4428",πεδίον βασιλέως,pedíon basiléōs,plain [of the] king,"G3977, G935",GEN 14:17,proper name,ac9f98d,,,1,78
King's Valley_1_2,King's Valley_1,Valley of Shaveh,עֵמֶק שָׁוֵה,emeq shaveh,valley [of the] plain (?),H7737,κοιλάδα τὴν Σαυη,koiláda tḕn Sauē,valley of Shaveh,"none, G3588, none",GEN 14:17,proper name,a402ee4,,,2,79
Jerusalem_1_1,Jerusalem_1,Salem,שָׁלֵם,salem,peace,H8004,Σαλήμ,Salḗm,Salem,G4532,GEN 14:18,proper name,aad7e4e,,,1,80
Nile_1_1,Nile_1,River of Egypt,נְּהַר מִצְרַיִם,nəhar mitsərayim,river [of] Egypt,"H5104, H4714",ποταμοῦ Αἰγύπτου,potamou͂ Ai̓gúptou,river [of] egypt,"G4215, G125",GEN 15:18,proper name,a012705,,,1,81
Euphrates_1_2,Euphrates_1,the Great River,הַנָּהָר הַגָּדֹל,hanahar hagadol,the river the great,"H5104, H1419",τοῦ ποταμοῦ τοῦ μεγάλου,tou͂ potamou͂ tou͂ megálou,the river the great [large],"G3588, G4215, G3588, G3173",GEN 15:18,proper name,a62dec4,,,2,82
Shur_1_1,Shur_1,Shur,שׁוּר,shur,wall,H7793,Σουρ,Sour,,none,GEN 16:7,proper name,acdbce0,,,1,83
Beer-lahai-roi_1_1,Beer-lahai-roi_1,Beer-lahai-roi,בְּאֵר לַחַי רֹאִי,bəer lachay roiy,well that belongs to the Living One seeing me,H883,Φρέαρ οὗ ἐνώπιον εἶδον,Phréar ou̔͂ e̓nṓpion ei̓͂don,well [of him] who saw [my] face,"G5421, G3739, G1799, G3708",GEN 16:14,proper name,a70e842,,,1,84
Bered_1_1,Bered_1,Bered,בֶּרֶד,bered,[poss.] freezing rain,H1260,Βαραδ,Barad,,none,GEN 16:14,proper name,aa3ff18,,,1,85
Beersheba_1_1,Beersheba_1,Beersheba,בְּאֵר שֶׁבַע,bəer sheva,well [of the] seven,H884,φρέαρ τοῦ ὅρκου,phréar tou͂ o̔́rkou,well [of] the oath,"G5421, G3588, G3727",GEN 21:14,proper name,a075d61,,,1,86
Paran_1_1,Paran_1,Paran,פָּארָן,paran,plain,H6290,Φαραν,Pharan,,none,GEN 21:21,proper name,aa6b19b,,,1,87
Gerar_1_2,Gerar_1,land of the Philistines,אֶרֶץ פְּלִשְׁתִּים,erets pəlishətiym,land [of the] Philistines,"H776, H6430",γῆν τῶν Φυλιστιιμ,gē͂n tō͂n Phulistiim,land [of] the Philistines,"G1093, G3588, none",GEN 21:32,name,none,,,2,88
Moriah_1_1,Moriah_1,Moriah,מֹרִיָּה,moriyah,,H4179,[none],,,,GEN 22:2,proper name,adaf385,,Rahlfs Septuaginta has the phrase γῆν τὴν ὑψηλὴν [gē͂n tḕn u̔psēlḕn- the high land(?)] instead of a transliteration of the Hebrew מֹרִיָּה.,1,89
The LORD Will Provide_1_1,The LORD Will Provide_1,The LORD Will Provide,יְהוָ֣ה יִרְאֶ֑ה,Y-H-V-H yirəeh,[special name of G-d] will provide,"H3068, H7200",ἐκείνου Κύριος εἶδεν,e̓keínou Kúrios ei̓͂den,the one [the] Lord saw,"G1565, G2962, G3708",GEN 22:14,proper name,a559399,,,1,90
Hebron_1_2,Hebron_1,Kiriath-arba,קִרְיַת אַרְבַּע,qirəyat arəba,city of four,H7153,πόλει Αρβοκ,pólei Arbok,city Arbok,"G4172, none",GEN 23:2,proper name,a85151a,,Rahlfs Septuaginta translates the Hebrew קִרְיַת (qirəyat- city) into the Greek πόλει (pólei - city) instead of transliterating it.,2,91
Machpelah_1_1,Machpelah_1,Machpelah,מַכְפֵּלָה,makhəpelah,double cave,H4375,τὸ σπήλαιον τὸ διπλοῦν,tò spḗlaion tò diplou͂n,the cave double,"G3588, G4693, G3588, G1362",GEN 23:9,proper name,ae00861,,Rahlfs Septuaginta translates the Hebrew name instead of transliterating it.,1,92
Mesopotamia_1_1,Mesopotamia_1,Mesopotamia,אֲרַם נַהֲרַיִם,aram naharayim,,H763,Μεσοποταμία,Mesopotamía,label for the country lying between the rivers Tigris and Euphrates,G3318,GEN 24:10,proper name,a43f60f,,,1,93
Nahor_1_1,Nahor_1,Nahor,נָחוֹר,nachor,the mound of Nahuru,H5152,Ναχωρ,Naxōr,,G3493,GEN 24:10,proper name,aff43ac,,,1,94
Land of the East_1_1,Land of the East_1,Land of the East,אֶ֥רֶץ קֶֽדֶם,erets qedem,land east,"H776, H6924",εἰς γῆν ἀνατολῶν,ei̓s gē͂n a̓natolō͂n,toward [the] land [of the] sunrise,"G1519, G1093, G395",GEN 25:6,proper name,ab0b2dd,,,1,95
Havilah_2_1,Havilah_2,Havilah,חֲוִילָה,chaviylah,"Havilah, ""stretch of sand""",H2341,Ευιλατ,Euilat,,none,GEN 25:18,proper name,ac5e5c4,,,1,96
Paddan-aram_1_1,Paddan-aram_1,Paddan-aram,פַּדַּן אֲרָם,padan aram,plain of Aram,H6307,Μεσοποταμίας,Mesopotamía,label for the country lying between the rivers Tigris and Euphrates,G3318,GEN 25:20,proper name,a8ec7ba,,,1,97
Esek_1_1,Esek_1,Esek,עֵשֶׂק,eseq,dispute,H6230,ἀδικία,a̓dikía,"injustice, wrong; iniquity, falsehood, deceitfulness ",G93,GEN 26:20,proper name,a43608b,,Rahlfs Septuaginta translates the Hebrew name instead of transliterating it.,1,98
Sitnah_1_1,Sitnah_1,Sitnah,שִׂטְנָה,sitənah,hostility,H7856,Ἐχθρία,E̓xthría,,none,GEN 26:21,proper name,aa454f7,,,1,99
Rehoboth_1_1,Rehoboth_1,Rehoboth,רְחֹבוֹת,rəchovot,"broad, wide [places, markets]",H7344,Εὐρυχωρία,Eu̓rukhōría,,none,GEN 26:22,proper name,ab1d954,,,1,100
Shiba_1_1,Shiba_1,Shiba,שִׁבְעָה,shivəah,,H7656,Ὅρκος,O̔́rkos,oath,G3727,GEN 26:33,proper name,m14a95e,,,1,101
Bethel_1_2,Bethel_1,Luz,לוּז,luz,almond tree,H3870,Ουλαμλους,Oulamlous,,none,GEN 28:19,proper name,a397042,,,2,102
Gilead_1_1,Gilead_1,Gilead,גִּלְעָד,giləad,[perhaps] monument of stones,H1568,Γαλααδ,Galaad,,none,GEN 31:21,proper name,ae73b90,,,1,103
Mahanaim_1_1,Mahanaim_1,Mahanaim,מַחֲנַיִם,mahanayim,double camp,H4266,Παρεμβολαί,Parembolaí,camp,G4213,GEN 32:2,proper name,ae5bfe9,,The Rahlfs Septuaginta and Biblia Hebraica Stuttgartensia equivalent verse is GEN 32:3.,1,104
Edom_1_1,Edom_1,Edom,אֱדוֹם,edom,red,H123,Εδωμ,Edōm,,none,GEN 32:3,proper name,a2735ff,,The Rahlfs Septuaginta and Biblia Hebraica Stuttgartensia equivalent verse is GEN 32:4.,1,105
Jabbok_1_1,Jabbok_1,Jabbok,יַבֹּק,yaboq,flowing or wrestling,H2999,Ιαβοκ,Iabok,,none,GEN 32:22,proper name,aca7bd9,,The Rahlfs Septuaginta and Biblia Hebraica Stuttgartensia equivalent verse is GEN 32:23.,1,106
Peniel_1_1,Peniel_1,Peniel,פְּנִיאֵל,pəniyel,face of G-d [El],H6439,Εἶδος θεοῦ,Ei̓͂dos theou͂,face [of] G-d,"G1491, G2316",GEN 32:30,proper name,a8a9ff9,,The Rahlfs Septuaginta and Biblia Hebraica Stuttgartensia equivalent verse is GEN 32:31.  Rahlfs translates the name rather than transliterating it.,1,107
Peniel_1_2,Peniel_1,Penuel,פְּנוּאֵל,pənuel,face of G-d [El],H6439,Εἶδος τοῦ θεοῦ,Ei̓͂dos tou͂ theou͂,the face [of] G-d,"G1491, G3588, G2316",GEN 32:31,proper name,a8a9ff9,,The Rahlfs Septuaginta and Biblia Hebraica Stuttgartensia equivalent verse is GEN 32:32.  Rahlfs translates the name rather than transliterating it.,2,108
Succoth_1_1,Succoth_1,Succoth,סֻכּוֹת,sukot,booths,H5523,Σκηναί,Skēnaí,"tent, tabernacle",G4633,GEN 33:17,proper name,a0905b5,,,1,109
El-bethel_1_1,El-bethel_1,El-bethel,אֵ֖ל בֵּֽית־אֵ֑ל,el beyt-el,the G-d of Bethel,"H408, H1008",Βαιθηλ,Baithēl,,none,GEN 35:7,proper name,a30b045,,,1,110
Allon-bacuth_1_1,Allon-bacuth_1,Allon-bacuth,אַלּוֹן בָּכֽוּת,alon bakəut,oak of weeping,H439,Βάλανος πένθους,Bálanos pénthous,oak [of] mourning,"none, G3997",GEN 35:8,proper name,af9a894,,Rahlfs Septuaginta translates the Hebrew name instead of transliterating it.,1,111
Bethlehem_1_1,Bethlehem_1,Ephrath,אֶפְרָתָה,ephəratah,fruitful land,H672,Εφραθα,Ephratha,,none,GEN 35:16,proper name,af4e985,,,1,112
Bethlehem_1_2,Bethlehem_1,Bethlehem,בֵּית לֶחֶם,beyt lechem,house of bread,H1035,Βηθλεεμ,Bēthleem,,G965,GEN 35:19,proper name,a112427,,,2,113
Migdal Eder_1_1,Migdal Eder_1,Migdal Eder,מִגְדַּל־עֵדֶר,migədal-eder,tower of flock,H4029,[none],,,,GEN 35:21,proper name,ab80fa1,,Rahlfs Septuaginta does not contain an equivalent verse for GEN 35:21,1,114
Dinhabah_1_1,Dinhabah_1,Dinhabah,דִּנְהָבָה,dinəhavah,,H1838,Δενναβα,Dennaba,,none,GEN 36:32,proper name,ae28fc7,,,1,115
Bozrah_1_1,Bozrah_1,Bozrah,בָּצְרָה,batsərah,"enclosure (for sheep), fortress",H1224,Βοσορρας,Bosorrhas,,none,GEN 36:33,proper name,a871210,,,1,116
Moab_1_1,Moab_1,Moab,מוֹאָב,moav,,H4124,Μωαβ,Mōab,,none,GEN 36:35,proper name,aa0b1d6,,,1,117
Avith_1_1,Avith_1,Avith,עֲוִית,aviyt,,H5762,Γεθθαιμ,Geththaim,,none,GEN 36:35,proper name,aae8a95,,,1,118
Masrekah_1_1,Masrekah_1,Masrekah,מַשְׂרֵקָה,masəraqah,[perhaps] vineyard,H4957,Μασεκκας,Masekkas,,none,GEN 36:36,proper name,a57e0a0,,,1,119
Rehoboth_2_1,Rehoboth_2,Rehoboth,רְחֹבוֹת,rəchovot,"broad, wide [places, markets]",H7344,Ροωβωθ,Roōbōth,,none,GEN 36:37,proper name,a17e154,,,1,120
Pau_1_1,Pau_1,Pau,פָּעוּ,pau,"groaning, bleating",H6464,Φογωρ,Phogōr,,none,GEN 36:39,proper name,a880de2,,,1,121
Valley of Hebron_1_1,Valley of Hebron_1,Valley of Hebron,עֵ֣מֶק חֶבְר֔וֹן,amaq chevəron,valley of Hebron,"H6009, H2275",κοιλάδος τῆς Χεβρων,koiládos tē͂s Xebrōn,valley of Hebron,none,GEN 37:14,proper name,a375f5a,,,1,122
Dothan_1_1,Dothan_1,Dothan,דֹּתָן,dotan,two wells,H1886,Δωθαϊμ,Dōthaïm,,none,GEN 37:17,proper name,ab635e4,,,1,123
Chezib_1_1,Chezib_1,Chezib,כְּזִיב,kəziyv,deceit,H3580,Χασβι,Khasbi,,none,GEN 38:5,proper name,ab41e6b,,,1,124
Timnah_1_1,Timnah_1,Timnah,תִּמְנָה,timənah,"lot, portion",H8553,Θαμνα,Thamna,,none,GEN 38:12,proper name,a17c178,,,1,125
Enaim_1_1,Enaim_1,Enaim,עֵינַיִם,eynayim,two springs,H5879,Αιναν,Ainan,,none,GEN 38:14,proper name,a59fdf2,,,1,126
Nile_1_2,Nile_1,Nile,הַיְאֹֽר,hayəor,the river,H2975,τοῦ ποταμοῦ,tou͂ potamou͂,the river,"G3588, G4215",GEN 41:1,proper name,a012705,,,2,127
On_1_1,On_1,On,אוֹן,on,Sun [god] city,H204,Ἡλίου πόλεως ,Ē̔líou póleōs ,Sun city,"G2246, G3496",GEN 41:45,proper name,acd9137,,,1,128
Goshen_1_1,Goshen_1,Goshen,גֹּשֶׁן,goshen,mount of earth,H1657,Γεσεμ,Gesem,,none,GEN 45:10,proper name,a60f092,,,1,129
Rameses_1_1,Rameses_1,Rameses,רַעְמְסֵס,raəməses,Ra created him,H7486,Ραμεσση,Ramessē,,none,GEN 47:11,proper name,a079b21,,,1,130
Shiloh_1_1,Shiloh_1,Shiloh,שִׁילֹה,shiyloh,,H7886,[none],,,,GEN 49:10,proper name,aa4680a,,,1,131
Atad_1_1,Atad_1,Atad,אָטָד,atad,"""of the thorns""",H329,Αταδ,Atad,,none,GEN 50:10,proper name,a2f186d,,,1,132
Atad_1_2,Atad_1,Abel-mizraim,אָבֵל מִצְרַיִם,avel mitsərayim,meadow of Egypt or mourning of Egypt,H67,Πένθος Αἰγύπτου,Pénthos Ai̓gúptou,mourning [of] Egypt,"G3997, G125",GEN 50:11,proper name,a70ac98,,,2,133
Pithom_1_1,Pithom_1,Pithom,פִּתֹם,pitom,temple [house] of Atum,H6619,Πιθωμ,Pithōm,,none,EXO 1:11,proper name,a3870fe,,,1,134
Midian_1_1,Midian_1,Midian,מִדְיָן,midəyan,,H4080,Μαδιάμ,Madiám,a district of Arabia Petra,G3099,EXO 2:15,proper name,acc6d8e,,,1,135
Horeb_1_1,Horeb_1,Horeb,חֹרֵב,chorev,"dry, desolate",H2722,Χωρηβ,Xōrēb,,none,EXO 3:1,proper name,a9bb03e,,,1,136
Horeb_1_2,Horeb_1,Mountain of G-d,הַר הָאֱלֹהִים,har haelohiym,mountain [of] the god,"H2022, H430",[none],,,,EXO 3:1,description,none,,,2,137
Canaan_1_2,Canaan_1,Land flowing with milk and honey,אֶ֛רֶץ זָבַת חָלָב וּדְבָשׁ,erets tsavat chalav vdəvas,land flowing [with] milk and honey,"H776, H2100, H2461, H1706",γῆν ῥέουσαν γάλα καὶ μέλι,gē͂n r̔éousan gála kaì méli,land flowing [with] milk and honey,"G1093, G4482, G1051, G2532, G3192",EXO 3:8,description,none,,,2,138
Red Sea_1_1,Red Sea_1,Red Sea,יָם סוּף,yam suf,sea [of] reeds,"H3220, H5489",ἐρυθρὰν θάλασσαν,e̓ruthràn thálassan,red sea,"none, G2281",EXO 10:19,proper name,a3ba698,,,1,139
Succoth_2_1,Succoth_2,Succoth,סֻכּוֹת,sukot,booths,H5523,Σοκχωθα,Sokkhōtha,,none,EXO 12:37,proper name,aa28709,,,1,140
Etham_1_1,Etham_1,Etham,אֵתָם,etam,[poss.] fort,H864,Οθομ,Othom,,none,EXO 13:20,proper name,a27d0e0,,,1,141
